{
  "best_fg_lizard": [
    0.6,
    0.6,
    0.5,
    0.5,
    0.5
  ],
  "best_seed_lizard": [
    0.6,
    0.6,
    0.6,
    0.5,
    0.5
  ],
  "best_fg_f1": [
    0.7000000000000001,
    0.8,
    0.4,
    0.2,
    0.7000000000000001
  ],
  "best_seed_f1": [
    0.5,
    0.6,
    0.5,
    0.4,
    0.6
  ],
  "best_fg_pannuke": [
    0.6,
    0.6,
    0.4,
    0.5,
    0.5
  ],
  "best_seed_pannuke": [
    0.6,
    0.6,
    0.5,
    0.5,
    0.5
  ]
}